submission_id,consultation_ref,section_clause,stakeholder_category,organization_or_individual,comment_text,submission_date,channel,language
PL-2026-001,DPA-CONS-2026,Clause 7 - Compliance Timelines for MSMEs,MSME & Startup Sector,Federation of Small Tech Enterprises,"The proposed 30-day compliance window for Clause 7 is severely burdensome for seed-stage startups and MSMEs with limited legal and compliance teams. We strongly suggest extending the transition period to at least 180 days with a tiered phase-in approach based on turnover, which will prevent disproportionate operational disruption.",2026-02-10,e-consultation-portal,en
PL-2026-002,DPA-CONS-2026,Clause 12 - Algorithmic Transparency & Audit,Legal & Policy Think Tank,Centre for Digital Rights,"While mandatory algorithmic audits are a commendable step towards accountability, Clause 12 lacks precise technical definitions of 'systemic algorithmic bias'. There is serious concern regarding the leakage of proprietary intellectual property during third-party code inspections. We recommend establishing independent certified audit frameworks with strict confidentiality safeguards and standardized fairness metrics.",2026-02-11,e-consultation-portal,en
PL-2026-003,DPA-CONS-2026,Clause 3 - Data Localization & Storage,Industry Association,National Tech Industry Council,"Clause 3 mandates strict local storage of all transaction metadata. This will exponentially escalate infrastructure costs for cloud-native firms and conflict with existing bilateral trade agreements. We recommend adopting a risk-based data categorization framework where non-sensitive operational metadata is permitted to flow cross-border under adequacy principles.",2026-02-12,e-consultation-portal,en
PL-2026-004,DPA-CONS-2026,Clause 15 - Grievance Redressal Mechanism,Consumer Advocacy,Citizen Consumer Forum,"We wholeheartedly welcome the requirement in Clause 15 for a 48-hour acknowledgment of consumer complaints. However, the 30-day resolution period is too long for unauthorized financial deductions and identity theft cases. We propose reducing the resolution timeline to 7 working days for urgent consumer fraud grievances and establishing an automated escalation portal.",2026-02-13,e-consultation-portal,en
PL-2026-005,DPA-CONS-2026,Clause 23 - Penalty Structure & Safe Harbor,Legal Expert,Advocate R. S. & Associates,"The proposed penalty of up to 4% of global turnover in Clause 23 is disproportionately punitive for non-intentional procedural lapses. There is ambiguity regarding whether intermediary safe harbor protections remain intact during pending audits. We advise introducing a statutory cure notice period of 45 days before initiating monetary penal proceedings.",2026-02-14,e-consultation-portal,en
PL-2026-006,DPA-CONS-2026,Clause 12 - Algorithmic Transparency & Audit,Academic & Research,Institute for AI Governance,"The draft provisions under Clause 12 are very progressive in mandating explainability. However, requiring real-time explainability for deep neural networks is technically infeasible given current state-of-the-art. We suggest adopting post-hoc explainability standards (e.g. SHAP/LIME audits) and encouraging open sandbox environments rather than static source code disclosure.",2026-02-15,e-consultation-portal,en
PL-2026-007,DPA-CONS-2026,Clause 7 - Compliance Timelines for MSMEs,Individual Citizen,Priya Sharma (Freelance Developer),"As an individual developer creating indie software, the compliance requirements are overly complex and costly. If small apps are held to the same standard as multinational platforms, innovation will be crushed. Please consider a total exemption for entities earning under 25 Lakhs annual turnover.",2026-02-15,e-consultation-portal,en
PL-2026-008,DPA-CONS-2026,Clause 3 - Data Localization & Storage,Cloud Service Provider,Apex Cloud Infrastructure Ltd,"We support the government's intent to strengthen national data sovereignty. However, immediate data localization requires substantial data center expansion. We suggest providing tax credits or infrastructure subsidies for domestic data center builds alongside a 24-month roadmap for implementation.",2026-02-16,e-consultation-portal,en
PL-2026-009,DPA-CONS-2026,Clause 19 - Cross-Border Data Flow,Industry Association,Global Commerce Alliance,"Clause 19 creates regulatory friction that will isolate domestic digital service exporters. Cross-border data flows are the backbone of BPO and SaaS industries. We recommend aligning cross-border adequacy rules with recognized international standards like ISO/IEC 27701 and APEC CBPR to maintain global competitiveness.",2026-02-16,e-consultation-portal,en
PL-2026-010,DPA-CONS-2026,Clause 15 - Grievance Redressal Mechanism,Individual Citizen,Arun Mehta,"The grievance redressal process must mandate regional language support. Most citizens outside metro cities cannot articulate digital fraud complaints in English. An AI-powered multi-lingual voice helpline should be made mandatory for significant platforms.",2026-02-17,e-consultation-portal,en
PL-2026-011,DPA-CONS-2026,Clause 23 - Penalty Structure & Safe Harbor,Tech Startup,FastTrack Logistics Tech,"The penalty framework should distinguish between first-time minor oversights and repeated deliberate violations. A single unintentional breach could bankrupt early-stage ventures. We suggest a tiered warning system followed by proportional graded penalties.",2026-02-17,e-consultation-portal,en
PL-2026-012,DPA-CONS-2026,Clause 12 - Algorithmic Transparency & Audit,Industry Association,Software Industry Coalition,"The requirement to publish training dataset compositions may force companies to reveal trade secrets and proprietary curation techniques. We recommend that disclosure be limited to bias mitigation protocols and safety testing logs rather than raw data provenance.",2026-02-18,e-consultation-portal,en
PL-2026-013,DPA-CONS-2026,Clause 7 - Compliance Timelines for MSMEs,MSME & Startup Sector,Small Business Chamber of Commerce,"We appreciate the inclusive consultation process. However, Clause 7 will require hiring specialized compliance officers which small businesses cannot afford. We suggest creating a centralized free compliance toolkit and portal managed by the regulator to assist MSMEs with compliance self-assessment.",2026-02-18,e-consultation-portal,en
PL-2026-014,DPA-CONS-2026,Clause 19 - Cross-Border Data Flow,Legal & Policy Think Tank,Digital Economy Research Group,"Clear parameters are necessary for what constitutes 'vital interest' allowing cross-border data transfer during emergency situations. We suggest drafting explicit negative lists rather than broad discretionary authorizations to prevent regulatory uncertainty.",2026-02-19,e-consultation-portal,en
PL-2026-015,DPA-CONS-2026,Clause 3 - Data Localization & Storage,Consumer Advocacy,Privacy First Alliance,"Local data storage is vital to protect citizen data from foreign jurisdiction subpoenas. We fully support Clause 3 and recommend strict non-waivable penalties for companies that bypass localization requirements through mirror cloud routing.",2026-02-19,e-consultation-portal,en
PL-2026-016,DPA-CONS-2026,Clause 15 - Grievance Redressal Mechanism,MSME & Startup Sector,Unified Fintech Forum,"Requiring dedicated round-the-clock grievance officers is impractical for early-stage fintechs. We propose allowing pooled industry ombudsman services for startups under 50 employees to satisfy Clause 15 requirements affordably.",2026-02-20,e-consultation-portal,en
PL-2026-017,DPA-CONS-2026,Clause 23 - Penalty Structure & Safe Harbor,Consumer Advocacy,Digital Consumers Trust,"We support strong punitive measures. The 4% global turnover cap is appropriate to deter monopolistic platforms from treating privacy fines as mere cost of doing business. The fine proceeds should be directed to a Consumer Digital Literacy Fund.",2026-02-20,e-consultation-portal,en
PL-2026-018,DPA-CONS-2026,Clause 12 - Algorithmic Transparency & Audit,Legal Expert,Cyber Law Practitioners Guild,"Clause 12 should clarify the liability of open-source model maintainers versus downstream deployers who fine-tune those models. We suggest holding only commercial deployers accountable for algorithmic harms, not open-source foundation researchers.",2026-02-21,e-consultation-portal,en
PL-2026-019,DPA-CONS-2026,Clause 7 - Compliance Timelines for MSMEs,Academic & Research,Centre for Tech Policy & Innovations,"Empirical studies show that sudden regulatory compliance burdens reduce startup formation rates by up to 14%. A 12-month grace period paired with regulatory sandboxes will foster innovation while preserving consumer protection.",2026-02-21,e-consultation-portal,en
PL-2026-020,DPA-CONS-2026,Clause 19 - Cross-Border Data Flow,Cloud Service Provider,Global Data Services Inc,"The draft does not specify reciprocal data agreements. If India restricts data exports without reciprocal treaties, Indian IT companies will face reciprocal barriers abroad. We recommend harmonizing Clause 19 with OECD guidelines.",2026-02-22,e-consultation-portal,en
PL-2026-021,DPA-CONS-2026,Clause 3 - Data Localization & Storage,Academic & Research,National Cyber Security Forum,"Data localization without robust domestic cybersecurity standards could create vulnerable honey-pots. We advise that localization mandates be paired with compulsory zero-trust architecture certifications for domestic data centers.",2026-02-22,e-consultation-portal,en
PL-2026-022,DPA-CONS-2026,Clause 15 - Grievance Redressal Mechanism,Legal & Policy Think Tank,Public Interest Tech Initiative,"To ensure transparency, platforms must publish quarterly transparency reports detailing total complaints received, average resolution time, and remedy categories under Clause 15.",2026-02-23,e-consultation-portal,en
PL-2026-023,DPA-CONS-2026,Clause 23 - Penalty Structure & Safe Harbor,Industry Association,Digital Tech Confederation,"The dispute adjudication process in Clause 23 lacks an independent appellate tribunal before high court appeals. We recommend establishing a dedicated Digital Appellate Tribunal to handle fast-track appeals within 60 days.",2026-02-23,e-consultation-portal,en
PL-2026-024,DPA-CONS-2026,Clause 7 - Compliance Timelines for MSMEs,MSME & Startup Sector,Rural Tech Founders Network,"Rural digital entrepreneurs lack access to corporate legal counsel. Please provide model policy templates and simplified standard operating procedures in vernacular languages.",2026-02-24,e-consultation-portal,en
PL-2026-025,DPA-CONS-2026,Clause 12 - Algorithmic Transparency & Audit,Consumer Advocacy,Fair Tech Watch,"We strongly endorse mandatory algorithmic audits to prevent price discrimination and discriminatory automated hiring filters. We urge the ministry to include public audit summaries on the consultation portal.",2026-02-24,e-consultation-portal,en
PL-2026-026,DPA-CONS-2026,Clause 7 - Compliance Timelines for MSMEs,Industry Association,Software Exporters Guild,"The 30-day window does not account for software release cycles. We urge the ministry to adopt a minimum 90-day grace period for software version upgrades to comply with new schema mandates.",2026-02-25,e-consultation-portal,en
PL-2026-027,DPA-CONS-2026,Clause 3 - Data Localization & Storage,Tech Startup,CloudScale Innovations,"Mandatory local hosting will force startups to migrate from global serverless providers at huge expense. Please permit multi-region failover with primary storage in India.",2026-02-25,e-consultation-portal,en
PL-2026-028,DPA-CONS-2026,Clause 19 - Cross-Border Data Flow,Consumer Advocacy,Citizens for Open Internet,"Cross-border provisions must prevent predatory data transfers to jurisdictions with lax surveillance safeguards. Standard contractual clauses with mandatory audit rights should be required.",2026-02-26,e-consultation-portal,en
PL-2026-029,DPA-CONS-2026,Clause 23 - Penalty Structure & Safe Harbor,Academic & Research,National Law Institute,"The penalty provision conflates data controller liability with intermediary infrastructure liability. We propose clear statutory safe harbor immunity for mere conduit network operators.",2026-02-26,e-consultation-portal,en
PL-2026-030,DPA-CONS-2026,Clause 15 - Grievance Redressal Mechanism,Industry Association,Digital Retailers Association,"The 48-hour response mandate should apply on business days only to accommodate weekend operations for small e-commerce merchants. We suggest standardizing ticketing formats.",2026-02-27,e-consultation-portal,en
PL-2026-031,DPA-CONS-2026,Clause 12 - Algorithmic Transparency & Audit,Individual Citizen,Vikram Patel (Data Scientist),"Requiring explainability for proprietary recommendation algorithms is fraught with gaming risks. Independent black-box statistical auditing is much safer than source code surrender.",2026-02-27,e-consultation-portal,en
PL-2026-032,DPA-CONS-2026,Clause 7 - Compliance Timelines for MSMEs,Legal Expert,Corporate Governance Advisory,"We recommend a phased implementation schedule: Tier 1 large platforms (6 months), Tier 2 mid-sized entities (12 months), Tier 3 micro-enterprises (18 months).",2026-02-28,e-consultation-portal,en
PL-2026-033,DPA-CONS-2026,Clause 3 - Data Localization & Storage,Legal & Policy Think Tank,Centre for Cyber Policy,"Localization of financial ledger data is sensible, but localization of general telemetry data will create artificial technological barriers without enhancing security.",2026-02-28,e-consultation-portal,en
PL-2026-034,DPA-CONS-2026,Clause 19 - Cross-Border Data Flow,MSME & Startup Sector,SaaS Founders Circle,"Indian SaaS companies serve 80% overseas clients. Stringent transfer approval mechanisms will cause clients to switch to US competitors. We urgently suggest deemed approval for low-risk business data.",2026-03-01,e-consultation-portal,en
PL-2026-035,DPA-CONS-2026,Clause 23 - Penalty Structure & Safe Harbor,MSME & Startup Sector,Agritech Innovators Guild,"A penalty calculated on global turnover will penalize agritech startups with international grant funding. Penalties should be capped relative to Indian operating revenues only.",2026-03-01,e-consultation-portal,en
